page,imdb_id,title
1,24464438,Temptation
1,27720660,15 Years
1,21861446,Valley of Shadows
1,26440747,Sira
1,22488024,Sakra
1,14230458,Poor Things
1,16969006,Along Came Love
1,17052842,The Breaking Ice
1,15764854,Fireworks
1,28490044,Evil Does Not Exist
1,18766596,Wolf Hiding
1,16386126,Between Revolutions
1,26449465,Peak Season
1,11736638,Four Souls of Coyote
1,22900230,Snegir
1,19883634,The Old Oak
1,27805677,Fairlane
1,29667961,I am a Running Mate
1,26754354,The Well
1,18376800,Baby Blue
1,26746575,When You Get to the Forest
1,17050802,Maya
1,20465746,L'ultima notte di Amore
1,26671415,Seven Veils
1,28055434,Close to You
1,23838470,A Great Divide
1,22687790,A Haunting in Venice
1,28106502,Incas: The New Story
1,27742699,Tabby McTat
1,15502664,Como Dios manda
1,27672387,Saben aquell
1,3326138,The Last Deal
1,9237948,The Counterfeit Kid
1,14416430,Paradox Effect
1,5478456,We Are Zombies
1,20204996,Darkland: The Return
1,24949716,Devil Beneath
1,18072882,Northern Comfort
1,19873450,Art Thief
1,11767724,Skunk
1,13652142,Magazine Dreams
2,27774989,Lousy Carter
2,7737800,Woman of the Hour
2,27478132,Making of 'The Last of Us'
2,29612840,"""One Piece"" The World Will Burn! The Onslaught of a Navy Admiral"
2,28345575,"""One Piece"" There is Only One Winner - Luffy vs. Kaido"
2,28277911,Moon Princess Echoes! The Final Phase of the Land of Wano
2,28220214,Towards A New Era! Conclusion! The Brats' Resolution
2,28069649,"""One Piece"" The Top Billing is Coming! Deadly Attack of Shockwave and Magnetism"
2,27953251,"""One Piece"" The Destruction of the Alliance?! Fire up, the Will of the New Generation!"
2,27830669,"""One Piece"" Luffy on the Move! The Turning Point of a New Era!"
2,27715317,"""One Piece"" The Three-Sword Style of the Supreme King! Zoro vs. King"
2,27647886,"""One Piece"" The Strike of an Ifrit! Sanji vs. Queen"
2,27542695,"""One Piece"" Zoro's Hardship - A Monster! King the Wildfire"
2,27458432,"""One Piece"" The Onslaught of Kazenbo: Orochi's Evil Clutches Close in"
2,27418789,"""One Piece"" For Luffy - Sanji and Zoro's Oath"
2,27303977,"""One Piece"" A Countercharge! Law and Kid's Return-Attack Combination"
2,25970434,"""One Piece"" Rise to Dawn! The Peach Colored Dragon Rages!"
2,24895396,"""One Piece"" Taking a Chance! The Two Arms Go into Battle!"
2,36737666,A Long Way from Nowhere
2,26345645,Endless Borders
2,20672560,Cat Call
2,13836760,The Devil Comes to Kansas City
2,15359618,Silent Roar
2,17499742,The Beast of Walton St.
2,22085300,You Are Not Me
2,10869778,Maidaan
2,21340016,Doc Holliday
2,22751422,The Accidental Getaway Driver
2,28488187,A Normal Family
2,7461686,Daddio
2,26763353,The Trace of Your Lips
2,22375054,Strange Darling
2,18115690,Showdown at the Grand
2,15482240,Storm
2,21810682,The End We Start From
2,19386966,You Like That
2,21824548,Finally Dawn
2,14636170,Metalocalypse: Army of the Doomstar
2,23785128,Founders Day
2,27795526,High &amp; Low - John Galliano
2,21876438,The Queen of My Dreams
2,21267296,Hell of a Summer
2,9112182,The Unheard
2,23472308,A Long Way to Come Home
3,21987878,Day of the Fight
3,14555174,Assassin
3,15428134,Dunki
3,21060166,On the Go
3,30102962,Simple Minds: Everything is Possible
3,18291892,Calladita
3,30849138,Matrix: Generation
3,26255180,The Baby
3,27766377,The Story of Nintendo
3,6341958,Patrol
3,22444780,Escort Girl
3,30061777,Mooned
3,28055106,Ôyukiumi no Kaina: Hoshi no Kenja
3,27047448,Til Death Do Us Part
3,20419974,The Hard Hit
3,34983277,Scratch That
3,26812522,La barbarie
3,15067890,Swarm
3,27502227,Pictures of Ghosts
3,21191906,After Death
3,30213663,The Taste of Freedom
3,11317170,Deadland
3,26733463,Vera and the Pleasure of Others
3,20257492,Lonesome Soldier
3,20358284,The Lesson
3,24486184,Big Boys
3,15038732,Chantilly Bridge
3,28775396,The Erection of Toribio Bardelli
3,27248255,We Are Guardians
3,9201172,Accidental Texan
3,27502360,Terrestrial Verses
3,26295882,Heaven Can't Wait
3,27353928,Schlitter
3,28622893,Mamántula
3,27851639,Second Tour
3,24799686,Wahou!
3,30103412,14 Again: I Love You Two Thousand
3,24218390,Meongmongi
3,10381102,Brave the Dark
3,29607491,Hardcore Never Dies
3,21352380,A Difficult Year
3,23790924,Vincent doit mourir
4,30195433,4 Kings 2
4,27797160,Hood Witch
4,9470210,Trafficking
4,16154506,Breakout
4,20251542,Marinette
4,28524429,Retreat to You
4,24786094,Cade: The Tortured Crossing
4,27722543,The Green Border
4,22041854,Priscilla
4,15811964,End of Loyalty
4,22023218,You'll Never Find Me
4,4589218,Five Nights at Freddy's
4,5112584,Lee
4,1661236,The Movie Teller
4,22890246,How to Have Sex
4,8336322,Exile
4,33043022,Tukdam: The Point of Death
4,6495056,Migration
4,12648266,Accused
4,22180518,Disco Boy
4,18411838,Woman in the Maze
4,7383628,It Only Takes A Night
4,6979756,Creation of the Gods I: Kingdom of Storms
4,23032876,Divine Influencer
4,15789472,Nowhere
4,13457790,The Critic
4,5755238,Leo
4,26674627,Resident Evil: Death Island
4,29703523,Caligula: The Ultimate Cut
4,20114976,The Sacrifice Game
4,14682882,The Maid
4,3234122,Widow Clicquot
4,12350938,Sunflower
4,10545296,The Hunger Games: The Ballad of Songbirds &amp; Snakes
4,14992524,The Fearway
4,27241551,Centaur
4,21916652,Amal: A free spirit
4,15353574,Hard Miles
4,14734810,Liuben
4,22530172,Andragogy
5,7160372,The Zone of Interest
5,14561712,La Chimera
5,14537248,Nefarious
5,24070610,First Contact
5,14097206,The Unlikely Pilgrimage of Harold Fry
5,28479262,Sing Sing
5,4707780,Lubo
5,15420964,Measures of Men
5,7272192,You're All Gonna Die
5,22802920,Since the Last Time We Met
5,28768679,Wander to Wonder
5,26458962,Straight
5,21348598,A Real Job
5,25406412,Inshallah a Boy
5,19837932,I'm Not a Robot
5,27990245,Incident
5,12170898,La ternura
5,22479726,"Smolu nosis ty, laska"
5,28038993,"Sometime, Somewhere"
5,9049058,The Chapel
5,11557850,Ingress
5,29257762,Cesta do tmy
5,26903085,Falling in Love Like in Movies
5,20851132,Bud chlap!
5,23489390,A Bet with the Matchmaker
5,29896146,Christmas Keepsake
5,15331620,The Great Turkey Town Miracle
5,32236205,Scarlet Winter
5,26369131,Squared Love All Over Again
5,29609422,Death Whisperer
5,22207786,Red Rooms
5,17006040,Animalia
5,13290130,Los buenos modales
5,29489326,Flirtatious
5,20873498,Losmen Melati
5,19199810,Heimsuchung
5,9573150,Occupied City
5,27503384,Perfect Days
5,27655666,A Lien
5,11317110,Chronicles of a Wandering Saint
5,15837314,The Mattachine Family
5,21979910,The Passenger
5,11344264,Mudbrick
5,24068064,Reality
5,14443260,Alimañas
5,26448455,Chelovek niotkuda
5,30835281,Beautiful Men
5,26736460,Single Man Problems: Volume One
6,20674132,Birdeater
6,29497240,The Only Girl in the Orchestra
6,22090684,The Invisible Raptor
6,28539742,A Bed for Three
6,21626284,Laapataa Ladies
6,14308636,Bank of Dave
6,28812628,"Koji Shiraishi's Never Send Me, Please"
6,26342131,"Food, Inc. 2"
6,21874690,Paradise Is Burning
6,13650540,If You Were the Last
6,27590147,Only the River Flows
6,26256216,No Love Lost
6,19876958,The Dreamer
6,14748950,All to Play For
6,13429870,Robot Dreams
6,11068094,White Bird
6,16527824,Warhorse One
6,31021680,Golden Eagle: Special Forces
6,12263536,Lost in Tomorrow
6,17054364,Nemá tajemství
6,12949730,Lucky Louie
6,11932678,Southern Gospel
6,27635178,Operation Black Ops
6,27849424,Yoko
6,29486765,The G
6,14297962,Wolf Hollow
6,18264794,Sparkle: A Unicorn Tale
6,22206842,Exorcism in Utero
6,27957629,"Dopamine, comment les applis piegent notre cerveau"
6,29808992,The Choice Is Yours
6,26674818,Tatami
6,13232552,The Man in the White Van
6,10370812,The Settlers
6,21272440,Let Me Go
6,13287846,Napoleon
6,20158934,La Suprema
6,29454917,The Ex-Girlfriend at the Wedding
6,14226748,Place of Bones
6,6195756,Wonderwell
7,27867099,The Paragon
7,29454914,How Am I the Mobster?
7,29454913,Sword of Damocles
7,26315142,Tótem
7,7710588,Esperando a Dalí
7,28643143,Women from Rote Island
7,29454912,Following a Dead Horse to Water
7,22505214,Brave Citizen
7,13940818,The Contestant
7,70596,Socialist Realism
7,14407336,The Beast
7,21909764,Culpa mía
7,12748562,The Cuckoo's Curse
7,22773644,The Dead Don't Hurt
7,29521467,A Cowboy Christmas Romance
7,14966898,Late Night with the Devil
7,23789884,Hachiko
7,21988182,T.I.M.
7,29763304,Godzilla vs. Megalon
7,29704746,Fest Godzilla 4: Operation Jet Jaguar
7,13506526,Stella. A Life.
7,18181882,Trauma Therapy: Psychosis
7,25377908,Wyrwa
7,26758292,The Forbidden Play
7,33269404,La Posada
7,28710841,Body Parts
7,11706872,Richelieu
7,27199947,The Jane Mysteries: Inheritance Lost
7,18304514,Impulse
7,10467112,Safehouse
7,12180508,Cascade
7,29884987,Deus Irae
7,18482470,Blood and Snow
7,15444046,Divinity
7,13407984,The Secret Art of Human Flight
7,21955024,Pokolenie Ikea
7,21217688,War on Terror: KL Anarchy
7,13580484,Piper
7,22533910,It's Raining Men
7,15078804,Problemista
7,11584674,Captive
7,10651230,The Peasants
7,9663896,Asphalt City
8,10160976,The Nun II
8,28188089,A Royal Date for Christmas
8,27975905,A Paris Christmas Waltz
8,27915407,Twas the Text Before Christmas
8,29484424,Bringing Christmas Home
8,28152535,Christmas on Windmill Way
8,29381709,Swing Into Romance
8,23952252,Control
8,26342673,About Thirty
8,19798116,Bytte bytte baby
8,19858184,The President's Wife
8,8803398,The Trade
8,28366692,Janet Planet
8,17505998,Walking Supply
8,17067574,Cold Meat
8,23136186,A Thousand Days
8,23289160,Godzilla Minus One
8,26520932,Wild Life
8,15475516,Alemania
8,28290687,The Story of PlayStation
8,24082454,Perpetrator
8,24082864,I'll Be Right There
8,21854424,Família
8,24822574,A Biltmore Christmas
8,27531109,The Rapture
8,27881925,100 Yards
8,15257160,Pain Hustlers
8,18231326,Bad Hombres
8,29552165,"Yes, Chef! Christmas"
8,20102596,"LaRoy, Texas"
8,27139897,The Summer with Carmen
8,29025855,Les corneilles blanches
8,19316094,An Egypt Affair
8,10276482,Love Again
8,6722400,Fast Charlie
8,26597953,Le successeur
8,28287106,Christmas on Cherry Lane
8,26744289,Infested
8,23476446,Daaaaaali!
8,15245240,The Buckingham Murders
8,3468380,Which Brings Me to You
8,20115766,Knox Goes Away
8,22987848,Ripper's Revenge
9,27502245,The Buriti Flower
9,27498099,The Last Boy on Earth
9,18284880,I am Rage
9,21025436,The Speedway Murders
9,28259207,Kill
9,5574078,Nosferatu
9,14509110,No One Will Save You
9,15657202,Mojave Diamonds
9,11858890,The Creator
9,27789180,The Hypnosis
9,8417168,Rally Road Racers
9,13055264,Strange Way of Life
9,22299048,Pandemonium
9,28090412,I Don't Love You Anymore
9,16317452,A House in Jerusalem
9,15520136,Night of the Caregiver
9,16358200,Az almafa virága
9,26773056,Weglopers
9,21451014,Unicorns
9,13521006,Beau Is Afraid
9,2906216,Dungeons &amp; Dragons: Honor Among Thieves
9,14181816,Maggie Moore(s)
9,4450714,Sid Is Dead
9,15192822,Outrage
9,21600628,A New Breed of Criminal
9,28133763,The Royal Bake Off
9,26427329,Sister Sister 2
9,13539646,The Wandering Earth II
9,23050520,Skinford: Death Sentence
9,15239014,Creeping Death
9,14682800,Tuesday
9,14633464,Desperation Road
9,14922882,The Moor
9,15417358,Violett
9,20222202,You're Killing Me
9,15783520,On Fire
9,14875820,Johnny &amp; Clyde
10,26254622,Sidonie In Japan
10,27510170,Father of the Milky Way Railroad
10,20561198,The Promised Land
10,19815386,Under the stars
10,13191918,The Farm
10,28662887,Wake Up
10,12484918,The Wait
10,27817584,The Vanishing Soldier
10,26699529,Marguerite's Theorem
10,27722604,One Perfect Match
10,22640398,V/H/S/85
10,13978520,Spy Kids: Armageddon
10,1001520,The Last Voyage of the Demeter
10,21325926,Pertsa ja Kilu: Faaraon sormus
10,26442871,Wildcat
10,20221460,The Inseparables
10,6587046,The Boy and the Heron
10,24070754,All Your Faces
10,21087452,Death's Roulette
10,12960534,Get the Girl
10,20315818,Ezra
10,33130902,The Bad Guys: Haunted Heist
10,27726262,Los iniciados
10,22037984,Silver and the Book of Dreams
10,17569526,Acid
10,19890316,What Happens Later
10,21997328,Her Body
10,10669888,Blood for Dust
10,22171832,Kalak
10,21222462,The Good Mother
10,21810762,Jungle Bunch: Operation Meltdown
10,27907897,Excursion
10,15033482,Wicked Games
10,14204244,Breaking Infinity
11,11674730,The Last Stop in Yuma County
11,18939056,The Nightman
11,28491891,His Three Daughters
11,29352965,Checkin It Twice
11,16103578,"Mother, May I?"
11,16148552,The Lost Boys
11,24249072,Last Straw
11,14729020,Double Blind
11,23736044,Monster
11,15836468,Rare Objects
11,6338856,R.A.D.A.R.: The Adventures of the Bionic Dog
11,29687851,Zatmeni
11,23778430,"Mother, Couch!"
11,15845360,Dance First
11,27179894,The Last Year of Darkness
11,24751026,"You, Me, and that Mountain Retreat"
11,16292816,Asleep in My Palm
11,24244436,Housekeeping for Beginners
11,12637946,Doctor Jekyll
11,13566172,The Dive
11,26923085,Sang Krasue 2
11,14137416,Kidnapped
11,18550220,Junkyard Dog
11,25050004,The Wedding Veil Expectations
11,25134270,The Wedding Veil Journey
11,24216998,Humanist Vampire Seeking Consenting Suicidal Person
11,22777288,Mutt
11,26448954,Here
11,26748538,Mind Body Spirit
11,23869968,The Funeral
11,12873300,Sight
11,28106766,Smugglers
11,1462764,Indiana Jones and the Dial of Destiny
11,28245146,Hearts Under the Olive Tree
11,26684398,SPY x FAMILY CODE: White
11,26964727,Jones Plantation
11,20114686,Femme
11,12427158,A Thousand and One
11,29722945,Don't Turn Out the Lights
11,24131660,Bring Him to Me
11,24328976,Testament
12,23793170,Coup!
12,8001026,Gringa
12,10716596,The Reverend and Mrs Simpson
12,27546190,The Sweet East
12,20259704,Tzadik
12,27544281,The Good Half
12,15000156,Firebrand
12,27219087,Contagion of Fear
12,21215388,Remembering Gene Wilder
12,27434554,Hostile Dimensions
12,11069220,Shrapnel
12,7196012,Going to Mars: The Nikki Giovanni Project
12,28284638,Sailor Moon Cosmos Part 2
12,19861160,Sailor Moon Cosmos
12,21800162,There's Still Tomorrow
12,12404266,The Last Rifleman
12,14033342,The Quest for Tom Sawyer's Gold
12,27722061,The Feeling That the Time for Doing Something Has Passed
12,11076026,Beyond the Wasteland
12,28315962,Eight Eyes
12,10484164,A Song from the Dark
12,21097936,Smoking Tigers
12,15299406,Hadik
12,15304502,The Boy in the Woods
12,18829674,Battle Over Britain
12,20258220,Angels Fallen: Warriors of Peace
12,14197038,The Piper
12,18071320,Inside Man
12,20597364,Suze
12,2403439,The Canterville Ghost
12,15678810,Bleeding Love
13,14124080,The Great Escaper
13,21454134,The Bikeriders
13,14388612,Gunfight at Rio Bravo
13,15789038,Elemental
13,22191712,Patagonia
13,30425955,Dr. Death: Cutthroat Conman
13,20234774,Wicked Little Letters
13,18115780,The Portrait
13,33052872,Hostages of War
13,25808194,Project Silence
13,26915336,Mars Express
13,21873280,Bad Actor
13,26448981,"Orlando, My Political Biography"
13,19869662,Irena's Vow
13,20452218,The Deep Dark
13,6632018,The King Tide
13,21397580,Suitable Flesh
13,13514636,Rock Hudson: All That Heaven Allowed
13,21284358,Close Your Eyes
13,12313942,Malicious
13,13231544,About Dry Grasses
13,16296308,Godless: The Eastfield Exorcism
13,21057800,Parachute
13,27444133,Shades of Desire
13,14998742,Rebel Moon - Part One: A Child of Fire
13,26594993,Amelia’s Children
13,20215968,Hit Man
14,10855768,Missing
14,28609811,Lil Nas X: Long Live Montero
14,28448182,Mountain Queen: The Summits of Lhakpa Sherpa
14,14057604,King of Killers
14,10279472,The Black Demon
14,21035474,Insomniacs After School
14,14791590,Due Justice
14,28129069,Cheat
14,26255476,Bâtiment 5
14,7718100,Heist 88.
14,20231566,"Life Is Not a Competition, But I’m Winning"
14,17521612,Starve Acre
14,27562761,All You Need Is Death
14,28077172,The Summer
14,27348312,Rascal Does Not Dream of a Sister Venturing Out
14,12380422,The Subtle Art of Not Giving a F*ck
14,22474136,Digimon Adventure 02: The Beginning
14,14579904,The Quantum Devil
14,13523666,The Business of Pleasure
14,24082438,20 Days in Mariupol
14,19406606,The Shift
14,23004264,Bonnard: Pierre &amp; Marthe
14,31918318,Muscat
14,20446364,Onye Egwu
14,21654390,One Day We'll Tell Each Other Everything
14,24078380,The Disappearance of Shere Hite
14,27704325,Out of Season
14,20519254,Når befrielsen kommer
14,13655120,I.S.S.
14,20113412,The Convert
14,22487338,The Nature of Love
15,32149531,500 Days of Escobar
15,12672620,The Three Musketeers - Part II: Milady
15,18394190,Old Dads
15,12965010,Eureka
15,27426923,Campfire
15,13354802,Fist of the Condor
15,10365998,Infinity Pool
15,23642420,Seagrass
15,10384574,Ocean Rescue
15,15428940,Jules
15,28294769,Dammi
15,21927594,Girl You Know It's True
15,18077924,Poolman
15,7738330,The Long Game
15,21042126,Chicken for Linda!
15,27724113,Convoy
15,29497075,RedLife
15,22813112,Noryang: Deadly Sea
15,16431966,Sometimes I Think About Dying
15,15326988,Ghosted
15,25730490,Canceled
15,28283834,Senritsu Kaiki World Kowasugi!
15,22398528,Alice in Terrorland
15,27657534,Siksa Neraka
15,26245778,Heartless
15,8005118,House Party
15,27712015,3 jours max
15,27543446,Lemon Tree
15,16369708,The Imaginary
15,7678516,In a Fishbowl
16,28641679,Shrooms
16,28818186,A Zest for Death: A Hannah Swensen Mystery
16,19396928,"Na solntse, vdol ryadov kukuruzy"
16,19891040,This Closeness
16,27469256,Taz: Quest for Burger
16,9009130,Electrophilia
16,21192142,All of Us Strangers
16,29432668,Warnings
16,21813994,Fancy Dance
16,21051906,A Family Affair
16,20420740,Mastergame
16,28036417,Rascal Does Not Dream of a Knapsack Kid
16,15307234,Diabolik - Who Are You?
16,9636732,Israelism
16,25012890,Ice Storm
16,26083700,Queendom
16,18315204,Phenomena
16,10980638,Devil's Peak
16,26736481,My Worst Neighbor
16,16300138,I Used to Be Funny
16,18235146,Club Zero
16,9658388,Praise This
16,3715152,Shooting Stars
16,21291992,River Wild
16,28661069,Rose's War
16,13924484,Breakwater
16,29295395,Episode 19
17,22643896,Love &amp; Revolution
17,27445004,Abang Adik
17,29295391,Episode 20
17,3758542,Ferrari
17,8667828,Outlaw Johnny Black
17,21081126,Time Addicts
17,28797697,"Tam, gdzie placza ptaki"
17,29466094,Single in Seoul
17,29031019,Love Reset
17,8511466,Aporia
17,23036080,Thank You for Coming
17,21335356,Please Don't Destroy: The Treasure of Foggy Mountain
17,5822848,The Inventor
17,20420628,Freud's Last Session
17,29609537,Honey
17,29609538,Suicide or Murder?
17,29609534,Homecoming
17,29609541,The Eunuch and the Courtesan
17,29609540,Reducing Two to One
17,27795356,Ransomed
17,7575046,Riddle of Fire
17,27145269,Mr. Monk's Last Case: A Monk Movie
17,26593387,Black Barbie: A Documentary
17,20857676,Kleks Academy
17,28639049,We Grown Now
17,28152455,Rewind
17,8019518,Dead Shot
17,19864472,The Beast in the Jungle
17,26733962,Te vengo a buscar
17,14670094,Ruthless
17,26594543,Jackdaw
17,29419593,All the Silence
17,16310892,Faceless After Dark
17,25470468,Beyond Utopia
17,18363072,The Royal Hotel
17,13868030,Four Little Adults
18,21819258,Bonus Track
18,9044418,MR-9: Do or Die
18,28090490,Lumberjack the Monster
18,10399622,Inside the Yellow Cocoon Shell
18,26941875,Crocodylus: Mating Season
18,13638858,What You Wish For
18,15782690,In the Land of Saints and Sinners
18,12909420,End of the Rope
18,26753485,Homicide Hunter: The Man with No Face
18,19760052,The Taste of Things
18,26084002,Self Reliance
18,26508928,Sterne unter der Stadt
18,27664078,Live Stream
18,24017902,Carousel
18,20424130,Mob Land
18,26547922,Nelly Rapp - The Dark Forest
18,16233476,Cazadora
18,6718170,The Super Mario Bros. Movie
18,20424172,Alibi.com 2
18,21111120,The Point Men
18,28494031,Gasoline Rainbow
18,13380324,Night Shift
18,13923084,Boy Kills World
18,27230149,Real Love
18,23668756,How to Murder Your Husband
18,19397304,Double Soul
19,8209702,Sleep
19,21663034,Who's Yer Father?
19,12531856,Joika
19,28497692,Shadow of Fire
19,13097932,One Life
19,11951276,The Other Zoey
19,21942866,Dream Scenario
19,6318608,Nightwatch: Demons Are Forever
19,21950462,Visions
19,21270966,Scrambled
19,13205458,Float
19,15140278,Coup de Chance
19,25503544,Phantom
19,22001304,Adagio
19,27656132,Return to Reason: Four Films by Man Ray
19,29585672,Tuhog
19,27669002,Latido
19,16374352,The Blind
19,27502426,Four Daughters
19,26920120,Baby Assassins 2 Babies
19,23186596,Blackout
19,21377766,Frogman
20,26280511,Satan Wants You
20,18162096,Do Not Expect Too Much of the End of the World
20,18973958,New Life
20,14856598,Foil
20,13200006,Shayda
20,19356262,Drive-Away Dolls
20,27737950,Blackbird Blackbird Blackberry
20,11304740,Wish
20,26658360,DC Down
20,27513787,Finding the Money
20,20415224,Drift
20,21877154,Story Ave
20,12143990,The Re-Education of Molly Singer
20,27680383,The Verge of Death
20,11820950,The Portable Door
20,20215670,Fatum
20,14225838,Io Capitano
20,12672536,The Three Musketeers: D'Artagnan
20,28236368,Yannick
21,13304086,The Unseen
21,4495098,Gran Turismo
21,18163814,Stockholm Bloodbath
21,6166392,Wonka
21,13866866,Puan
21,15547924,Music
21,15895490,Black Lotus
21,27728178,The Red Sea Makes Me Wanna Cry
21,15665274,The Channel
21,22866358,The Book of Clarence
21,2542852,Downtown Owl
21,21064584,The Iron Claw
21,26714897,Little Girl Blue
21,24787556,Kitty The Killer
21,10803634,Tiger Stripes
21,15560314,The Monk and the Gun
21,28803581,Ichiko
21,15289510,Slow
21,14827638,The Retirement Plan
21,14013772,Elevator Game
21,28182736,Puppy Love
21,21956238,Popular Theory
21,12830948,Fear
21,21113962,"20,000 Species of Bees"
22,9362492,Restore Point
22,16311464,Silver Haze
22,26785742,Ape vs. Mecha Ape
22,28080971,Primbon
22,23642744,Night of the Hunted
22,26443953,Accidental Truth: UFO Revelations
22,23573936,Comandante
22,14536120,The Master and Margarita
22,13321244,Origin
22,20833316,Our Son
22,10406410,Lies We Tell
22,28313478,The Vourdalak
22,16300962,When Evil Lurks
22,14852624,Stopmotion
22,20255028,Uproar
22,27307501,Lost in the Night
22,14270702,God Is a Bullet
22,11242654,They Shot the Piano Player
22,14030816,Baghead
22,20196104,Confessions
22,21156390,The Starling Girl
22,18382328,Earth Mama
22,29712818,Revenge
22,26612950,The Teachers' Lounge
23,24249946,The Caine Mutiny Court-Martial
23,5198890,Eileen
23,9048804,Birth/Rebirth
23,15714400,One Percenter
23,15771916,You Hurt My Feelings
23,29795707,WAR IS OVER! Inspired by the Music of John and Yoko
23,21358820,Magnificat
23,21426456,Molli and Max in the Future
23,17009710,Anatomy of a Fall
23,20420538,All the Names of God
23,15744298,Freelance
23,27430909,Louis C.K. at the Dolby
23,27728541,Frisky Business
23,27671478,John Farnham: Finding the Voice
23,28457153,Mark Normand: Soup to Nuts
23,12390330,Mamacruz
23,10551654,Under the Boardwalk
23,14360728,Mercy Falls
23,17974446,La marginale
23,10767052,Next Goal Wins
24,21103576,Fitting In
24,17009348,DogMan
24,13086266,Concrete Utopia
24,21391242,Confidential Informant
24,10942192,FP 4EVZ
24,20330434,The Crime Is Mine
25,29416028,Pete Holmes: I Am Not for Everyone
25,19838620,Nandor Fodor and the Talking Mongoose
25,1448754,Thanksgiving
25,14773940,24 Hours with Gaspar
25,16606592,The Animal Kingdom
25,22486756,Ghost Project
25,13238346,Past Lives
25,21435186,"Sorry, Charlie"
25,16160622,The Goldman Case
25,17154734,Craig Before the Creek
25,15485390,Operation Napoleon
25,8591526,Fremont
25,14362112,Trolls Band Together
25,29361805,The ABCs of Book Banning
25,26047818,Anyone But You
25,21431644,Zombie Town
25,22778346,The Seeding
25,26218316,Nai Nai &amp; Wài Pó
25,27230205,Strength of a Woman
26,15477042,Waitress: The Musical
26,1856080,The Boys in the Boat
26,13515258,Oracle
26,13848804,Journey to Bethlehem
26,21054472,Úsvit
26,22392694,Cold Copy
26,10950320,Rumble Through the Dark
26,19319352,Farang
26,19864828,Memory
26,23049206,Just the Two of Us
26,14813150,Manodrome
26,29607392,The Oldest Posse
26,24223026,The Dirty South
26,28544245,Brutální vedro
26,6315898,Mami Wata
26,15560132,"Lovely, Dark, and Deep"
26,27991355,Cellphone
27,29633996,Now and Then - The Last Beatles Song
27,23561236,American Fiction
27,22016156,The Abyss
27,10602132,Something Is About to Happen
27,26389817,Drifter
27,22058628,Born to Fly
27,11534720,All Dirt Roads Taste of Salt
27,11050992,A Creature Was Stirring
27,21962086,The Bridge Curse: Ritual
27,29106482,Volvere
27,1200263,The Color Purple
27,13957560,Dumb Money
27,29536228,EXmas
27,11893676,Lord of Misrule
27,21254598,Cobweb
27,8891560,Surprised by Oxford
27,27390817,The Space Race
27,8051894,The Hill
27,25289836,Good Burger 2
27,27304839,Killing Romance
27,16277242,Society of the Snow
27,6689014,She Came to Me
28,13316770,Gods of the Deep
28,15554886,Tales of Babylon
28,22857256,Bye Bye Tiberias
28,26928076,Carrot Cake Murder: A Hannah Swensen Mystery
28,14570440,Radical
28,26680242,Midwives
28,21202916,Walden
28,28078052,Birthright Outlaw
28,17595094,In the Fire
28,27728888,Dario Argento panico
28,14051976,Camp Hideout
28,22688572,Boudica: Queen of War
28,25434854,Deep Sea
28,27534328,The Childe
28,19887550,Good Grief
28,29118186,The Last Repair Shop
28,26067432,Wil
28,14812496,The Challenge
28,21628198,Rise of the Footsoldier: Vengeance
28,8293590,The Magnificent Meyersons
29,17663876,Muzzle
29,15799866,Silent Night
29,16156592,Asedio
29,14849194,The Holdovers
29,9663764,Aquaman and the Lost Kingdom
29,14946978,Raging Grace
29,24069962,Cats in the Museum
29,14549270,The Palace
29,4460800,The Kitchen
29,21964260,Caged Wings
29,27214365,Trunk
29,21027780,Fallen Leaves
29,15430628,Ride On
29,27156857,A Royal Recipe for Love
29,16970906,Sheroes
29,11908172,The Kill Room
29,22796890,Hell House LLC Origins: The Carmichael Manor
29,14647404,Cat Person
29,14040054,Sisi &amp; I
29,26493320,Children of the Night
29,28681130,FPS: First Person Shooter
29,6915770,Starfish
29,15732890,The Book of Solutions
30,15552570,Dark Asset
30,10092698,All Fun and Games
30,13786042,"Relax, I'm from the Future"
30,27547215,Wrath of Dracula
30,18083578,57 Seconds
30,22463404,Homecoming
30,14935892,Maboroshi
30,8258502,Foe
30,26217502,Loriots große Trickfilmrevue
30,14772014,He Went That Way
30,14550346,Last Summer
30,13130024,Simulant
30,18298524,Killing Blues
30,21874950,Adire
30,21833376,Dovbush
30,22043484,Been There All Along
31,14997890,Role Play
31,30342692,Soccer Soul
31,7986046,Burga
31,15768848,The Pod Generation
31,20024428,Dangerous Waters
31,16252698,Passages
31,25406052,Kingdom 3
31,24079846,Heroic
31,14866108,Miranda's Victim
31,24429218,Genie
31,28939681,A Weekend to Forget
31,13006472,Tequila Re-Pasado
32,26786629,Time Bomb Y2K
32,22482764,Thriller 40
32,30781889,Oprah and the Color Purple Journey
32,24226474,Jigarthanda Double X
32,27327494,A Very Good Girl
32,18278698,Dave Chappelle: The Dreamer
32,28309395,Bad CGI Gator
32,22528178,Kokomo City
32,27541074,In Our Day
32,13871094,Stamped from the Beginning
32,29549775,Lot No. 249
32,30088797,Ricky Gervais: Armageddon
32,23036112,Transmutators
32,14999006,Sun Moon
32,24082488,The Eternal Memory
32,23735436,"Thank You, I'm Sorry"
32,15434074,Kho Gaye Hum Kahan
32,12712604,The Miracle Club
32,24076146,The Persian Version
32,29712087,Leo Reich: Literally Who Cares?!
32,12747748,Leave the World Behind
32,7106686,Forgotten Experiment
32,16311444,Opponent
32,13651794,May December
33,27557250,Take Me Back for Christmas
33,27330026,Dhak Dhak
33,30225700,The Taming of the Shrewd 2
33,17351924,Saltburn
33,7991508,Finestkind
33,29464977,Norma
33,8002382,The Marsh King's Daughter
33,30505159,South Park (Not Suitable for Children)
33,15334154,Lion-Girl
33,28976068,The Jinglebell Jubilee
33,3180090,Daniel
33,5535276,Maestro
33,15398776,Oppenheimer
33,26660615,Life for Real
34,22698070,Mortal Kombat Legends: Cage Match
34,28097834,The Mission
34,15683734,It Lives Inside
34,26533869,The Jester
34,18362708,The Resurrection of Charles Manson
34,29650142,Matt Rife: Natural Selection
34,3701150,Sick Girl
34,15671028,No Hard Feelings
34,29295010,Face to Face with ETA: Conversations with a Terrorist
34,8080204,Hypnotic
34,27828085,Familia
34,21103300,My Big Fat Greek Wedding 3
34,8337264,Chicken Run: Dawn of the Nugget
34,28814949,TAYLOR SWIFT | THE ERAS TOUR
34,16431870,The Family Plan
34,21094306,Breath of Life
34,18558306,The Delinquents
34,29233518,My Norwegian Holiday
34,27662275,"Trees, and Other Entanglements"
35,15783464,Barber
35,14781036,Inside
35,27411059,Suzzanna: Friday Kliwon Night
35,29624253,Christmas of Yes
35,27619382,It's a Wonderful Knife
35,22805590,Black Noise
35,27510021,Ang Mga Kaibigan ni Mama Susan
35,30028209,Haslers
35,29593734,To All A Good Night
35,21867434,BlackBerry
35,28554013,NAGA
35,15352516,Merry Little Batman
35,27446495,Your Christmas or Mine 2
35,30253902,Dating Santa
35,17201166,Unseen
35,26569323,The Mill
35,8032034,Condor's Nest
35,6685538,Mavka: The Forest Song
35,21340020,The Rescue: The Weight of the World
35,29033964,Diary of a Wimpy Kid Christmas: Cabin Fever
35,14316486,All Souls
35,10075766,The Shepherd
35,28527613,Elf Me
35,28532006,The After
36,14227048,Family Switch
36,28081899,Elena Knows
36,7038762,Best. Christmas. Ever!
36,29613587,Mast Mein Rehne Ka
36,5608166,Dashing Through the Snow
36,9900816,The Velveteen Rabbit
36,21289596,Negotiating with Tigers
36,30236047,Santa Mi Amor
36,21328106,Candy Cane Lane
36,15979666,The Archies
36,23790418,Christmas as Usual
36,30096240,Blood Vessel
36,1695843,Haunted Mansion
36,29454932,Everyone Loves a Comeback Story
36,29454930,In the Belly of the Earth
36,30216176,Lady Ballers
36,23060796,There's Something in the Barn
36,11331792,"Great Photo, Lovely Life"
36,27666424,We Live Here: The Midwest
36,28444644,Don't break me
36,14342018,The Book of Wonders
36,29593677,A Not So Royal Christmas
36,28754394,Monster Inside: America's Most Extreme Haunted House
37,6628462,Wintertide
37,13039008,Kill Shot
37,15737898,Blue Giant
37,21230186,Strangers by Night
37,28865980,American Symphony
37,29499174,Shear Mystery
37,28863512,The Bad Guys: A Very Bad Holiday
37,26594589,Hard Days
37,23556408,The Collective
37,7645334,Landscape with Invisible Hand
37,27520190,Bûche De Noël
37,29231347,A Heidelberg Holiday
37,21289592,Hard Lessons
37,27819390,Freddy's Fridays
37,21630662,South to Black Power
37,28096092,Transmorphers: Mech Beasts
37,21232992,Theater Camp
37,29609539,Wheat Stalks
37,29708240,"""Hard Knocks"" Episode #20.6"
37,29378386,Christmas Island
37,28492358,Haul Out the Holly: Lit Up
37,29007820,Christmas at the Chalet
37,9362930,Blue Beetle
37,18266472,Sukhee
37,10235688,Doi Boy
37,23334616,Last Call for Istanbul
38,27575048,Good Boy
38,29513295,Catch Me If You Claus
38,29513272,A Season for Family
38,29692772,Crime Diaries: The Celebrity Stylist
38,16491414,The Naughty Nine
38,14160834,Rustin
38,21738294,I Don't Expect Anyone to Believe Me
38,15422224,Slotherhouse
38,6048442,Back on the Strip
38,27155038,"Ruby Gillman, Teenage Kraken"
38,29454929,"A Planes, Trains and Automobiles Day"
38,29454928,Like Two Cats Fighting in a Car
38,27558577,Hannah Waddingham: Home for Christmas
38,21448346,The Queenstown Kings
38,27921620,All-Time High
38,26258204,Believer 2
38,21211474,In Love and Deep Water
38,26258488,Bihter: A Forbidden Passion
38,16127696,There's Something Wrong with the Children
39,29499165,Heavy Lifting
39,21628276,Why Can't We Go On as Three?
39,28689954,Up the Town?
39,20274588,Albert Brooks: Defending My Life
39,28237077,A Merry Scottish Christmas
39,29456164,Shohei Ohtani: Beyond the Dream
39,13267256,Love Virtually
39,9407558,Limitless Betrayal
39,8649252,Scrapper
39,16424988,Your Lucky Day
39,14817952,Older Gods
39,29491918,David Holmes: The Boy Who Lived
39,15354916,Jawan
39,9603212,Mission: Impossible 7
39,26909136,How We Get Free
39,14230388,Asteroid City
39,29233371,Mystery on Mistletoe Lane
40,17527468,Bottoms
40,26084296,The Lady Bird Diaries
40,26448971,Mul-an-e-seo
40,18346624,Murdercise
40,12391962,Debbie Does Demons
40,9185206,"Are You There God? It's Me, Margaret."
40,7130916,Dicks: The Musical
40,26441345,Ostrov
40,8270664,Ambush
40,29472617,Cyberbunker: The Criminal Underworld
40,1136617,The Killer
40,5302918,Nyad
40,9100018,Cobweb
40,11840016,You Were My First Boyfriend
40,29417104,Stand Up &amp; Shout: Songs From a Philly High School
40,27761490,Nganu
40,17024450,The Equalizer 3
40,21046314,Donyale Luna: Supermodel
40,22203026,Englemageren
40,20916568,The Wrath of Becky
40,29474455,South Park: Joining the Panderverse
40,14592044,Down Low
40,26440619,Afire
40,29353026,My Christmas Guide
41,29304140,Zainab Johnson: Hijabs Off
41,26756609,Vacaciones de verano
41,14865406,Deep Fear
41,28254460,Sly
41,13405810,Quiz Lady
41,13968674,Fingernails
41,15334488,After Everything
41,8400584,The Perfect Find
41,28496500,Squared Love Everlasting
41,22488414,Royalteen: Princess Margrethe
41,28657882,Hurricane Season
41,29253563,Knuckle Girl
41,29291436,Flashback
41,29291452,Disco Inferno
41,28912885,Poison
41,16968450,The Wonderful Story of Henry Sugar
41,15340206,Resurrected
41,14379088,Shin Kamen Rider
41,21638298,Wingwomen
41,18394610,Nuovo Olimpo
41,24870072,Locked In
41,15837338,PAW Patrol: The Mighty Movie
41,19056070,Quicksand
41,24548912,"Justice League x RWBY: Super Heroes &amp; Huntsmen, Part One"
41,29353013,Joyeux Noel
41,27405162,Curious Caterer: Fatal Vows
41,6832210,The First Day of My Life
41,18412478,Neon Cactus
42,14666592,Milli Vanilli
42,8277246,His Only Son
42,10364034,Ladybug &amp; Cat Noir: Awakening
42,29621888,!Hasta la madre! con Dia de los muertos
42,23902534,Yellow Door: '90s Lo-fi Film Club
42,21807222,Saw X
42,19175696,Sister Death
42,27647417,Aaron Carter: The Little Prince of Pop
42,27538352,Trap Jazz
42,28703558,ONEFOUR: Against All Odds
42,26443107,The Adults
42,14454876,Golda
42,8248940,Deltopia
42,26082308,Snag
42,13823990,Apaches
42,28805537,aka Mr. Chow
42,17069062,Craving
42,28486633,The Pigeon Tunnel
42,27496114,"Where Are You, Christmas?"
42,13694260,Nerdy Prudes Must Die
42,15679400,Knock at the Cabin
42,27048691,Kandasamys: The Baby
42,2572212,Surrounded
43,27351936,Sayen: La Ruta Seca
43,28503626,Silver Dollar Road
43,14483774,Shortcomings
43,19369162,The Puppetman
43,25947954,Gray Matter
43,24785544,Crypto Boy
43,29466126,The Insurrectionist Next Door
43,21279602,Episode 1
43,28810493,The Devil on Trial
43,9288740,Dear David
43,14348734,Herd
43,17202164,Appendage
43,15210256,Stephen Curry: Underrated
43,6906292,Retribution
43,13405778,Insidious: The Red Door
43,15441054,Gadar 2
43,4556264,Scarygirl
43,26547864,The Conference
43,19623240,Winnie the Pooh: Blood and Honey
43,9204328,Dark Harvest
43,2071590,Spinning Gold
43,28499639,Jigen Daisuke
43,29168830,Ìjọ̀gbọ̀n
43,28603694,The Doorman
43,5648882,The Burial
43,17277414,Jeanne du Barry
43,20413870,In My Mother's Skin
43,22696288,Once Upon a Star
43,13141250,The Ritual Killer
43,16531614,Aliens Abducted My Parents and Now I Feel Kinda Left Out
44,18556326,Awareness
44,28798353,No Accident
44,29258210,The Ringleader: The Case of the Bling Ring
44,29346199,The Venice Murders
44,13274016,Reptile
44,13298500,Monsters of California
44,27572862,Megalodon: The Frenzy
44,16304446,Fair Play
44,28118695,Angela
44,12547822,Run Rabbit Run
44,15053106,Terezín
44,26596953,Forgotten Love
44,18180926,The New Boy
44,14145436,Pet Sematary: Bloodlines
44,13022120,A Deadly Invitation
44,26350277,Ballerina
44,11426232,Totally Killer
44,15433600,Khufiya
44,15268244,Joy Ride
45,3427252,The Boogeyman
45,27447330,The Jewel Thief
45,21109580,The Assassin
45,26258634,7:11 PM
45,27721398,Hijacked: Flight 73
45,29025883,Keys to the Heart
45,28492037,Rabia
45,18257242,Bite the Dust
45,10366206,John Wick: Chapter 4 - Hagakure
45,17592600,Coyote
45,14462452,Deliver Us
45,21913634,Natty Knocks
45,21241942,Buddy Games: Spring Awakening
45,21276642,Divine Intervention
45,12819466,Anchorage
45,26450742,The Engineer
45,29280429,Sam Jay: Salute Me or Shoot Me
45,13924430,I Love You More
45,16731908,A Brighter Tomorrow
45,12699576,Final Summer
46,10098448,Jesus Revolution
46,28524545,Mystery Island
46,28912858,The Rat Catcher
46,27262404,Khun Pan 3
46,23049270,Do Not Disturb
46,28073548,Love Is in the Air
46,25471950,Flora and Son
46,27688034,The Moon
46,28455910,Double Speech
46,28912758,The Swan
46,28657881,The Darkness Within La Luz del Mundo
46,28840429,"Ice Cold: Murder, Coffee and Jessica Wongso"
46,26931203,Barbie: Skipper and the Big Babysitting Adventure
46,11714030,The Haunting of Hell Hole Mine
46,22176604,Cocoa
46,14954534,Cassandro
46,27045321,Street Flow 2
46,28765467,How to Deal with a Heartbreak
46,24083908,The Black Book
46,27337668,The Dancing Detective: A Deadly Tango
47,28508231,"Scooby-Doo! And Krypto, Too!"
47,12053110,Breaking Point
47,27727074,Ehrengard: The Art of Seduction
47,11027288,Beneath Us All
47,13217676,Night One
47,15748830,Jaane Jaan
47,19848268,Fear the Night
47,26736061,Carl's Date
47,27549543,The Saint of Second Chances
47,14993250,Rocky Aur Rani Kii Prem Kahaani
47,28338336,Guiding Emily
47,21308888,Paradise
47,9873892,They Cloned Tyrone
47,24146896,Rotting in the Sun
48,16278434,Crossfire
48,13444014,Love at First Sight
48,21113540,El Conde
48,27564994,Island Escape
48,21940010,A Million Miles Away
48,28171993,Lang Lang Plays Disney
48,8589698,Teenage Mutant Ninja Turtles: Mutant Mayhem
48,15944018,Once Upon a Crime
48,5761544,Kandahar
48,29119788,Good Chemistry: The Story of Elemental
48,20395798,Sorcery
48,23177868,Mummies
48,15302222,Bholaa
48,28366647,Freestyle
48,14993352,Consecration
48,20601506,Alien Invasion
48,26547790,Home for Rent
48,27485427,The Unbinding
48,25869142,Disquiet
48,15153532,Strays
48,20256412,Hard Feelings
49,18257464,Polite Society
49,16419074,Air
49,8452344,Sitting in Bars with Cake
49,28634523,What If
49,28660814,Scout's Honor: The Secret Files of the Boy Scouts of America
49,5971474,The Little Mermaid
49,12844910,Pathaan
49,10749816,Casi muerta
49,21087084,Happy Ending
49,20414642,A Day and a Half
49,28568397,Friday Night Plan
49,19267924,Choose Love
49,9224104,Meg 2: The Trench
49,27680530,The Lost Century: And How to Reclaim It
49,14542504,La Gran Seducción
49,17007120,The Beanie Bubble
49,27837488,Unknown: Cosmic Time Machine
49,15509244,Happiness for Beginners
49,27987407,Gold Brick
50,15282148,A Beautiful Life
50,8637498,The Monkey King
50,3463938,Haunting of the Queen Mary
50,10340360,The Thing Behind The Door
50,21276878,You Are So Not Invited to My Bat Mitzvah
50,11947100,Love in Taipei
50,22048932,The Strange Case of a Claustrophobic Ghost
50,18260564,Killer Book Club
50,15351980,Vacation Friends 2
50,21929748,BS High
50,27712788,Babylon 5: The Road Home
50,11459784,Tracy Morgan: Takin' It Too Far
50,21940934,Miguel Wants to Fight
50,12917050,The List
50,28508739,"Love, Sex and 30 Candles"
50,28511586,The More Love Grows
50,21364552,The Roundup: No Way Out
50,21853596,The Island
50,13603966,Heart of Stone
50,11028122,Billion Dollar Heist
50,10155748,Seneca: On the Creation of Earthquakes
51,27865284,Snoopy Presents: One-of-a-Kind Marcie
51,28552695,A Life Too Short: The Isabella Nardoni Case
51,14153080,A Good Person
51,28477869,LEGO Disney Princess: The Castle Quest
51,24852002,10 Days of a Bad Man
51,10275534,To Catch a Killer
51,25010142,The Seven Deadly Sins: Grudge of Edinburgh Part 2
51,11040844,The Machine
51,15408560,The Chair
51,16916320,The Siege
51,6512004,Death Metal
51,10172266,"Red, White &amp; Royal Blue"
51,28546464,Jagun Jagun (The Warrior)
51,26217622,Zoey 102
51,10738020,Match Me If You Can
51,22496012,Jagged Mind
51,20412896,Double Life
51,10334636,Future Soldier
51,21991654,Sympathy for the Devil
51,20202792,Maquíllame Otra Vez
52,14082186,Ghost Town
52,23039404,The Bigfoot Trap
52,27368317,Maurh
52,27761408,"The Randall Scandal: Love, Loathing, and Vanderpump"
52,20768712,Book Club: The Next Chapter
52,8373206,About My Father
52,27548083,Poisoned: The Dirty Truth About Your Food
52,6791350,Guardians of the Galaxy Volume 3
52,28499011,La Narcosatanica
52,28306747,Head to Head
52,28290233,Soulcatcher
52,28493568,S.O.S Mamis 2: Mosquita Muerta
52,5433140,Fast &amp; Furious 10
52,14472156,Paint
52,28359825,Metal Monsters: The Righteous Redeemer
52,27805539,Imagine Dragons Live in Vegas
52,439572,The Flash
52,25872924,Waktu Maghrib
52,6349210,Heroes of the Golden Masks
53,19896150,The Angry Black Girl and Her Monster
53,19858164,Little Bone Lodge
53,6879446,Hidden Strike
53,27640680,The Lady of Silence: The Mataviejitas Murders
53,22696230,The Murderer
53,24062912,Big Nunu's Little Heist
53,21968956,Today We'll Talk About That Day
53,14746834,After the Bite
53,19113292,Missing: The Lucie Blackman Case
53,13431018,My House
53,13814704,Dream
53,16427598,Los Habitantes
53,3197780,My Happy Ending
53,14636186,The Venture Bros.: Radiant is the Blood of the Baboon Heart
53,27687527,Justice League: Warworld
53,14770620,One True Loves
53,28452191,Invincible: Atom Eve
54,20508332,Called to Duty
54,15670222,The Flood
54,4873118,Guy Ritchie's The Covenant
54,12263384,Extraction 2
54,21833834,Limbo
54,24132732,The Deepest Breath
54,21737024,The (Almost) Legends
54,23037488,One Ranger
54,28202433,Infiltrados: Venezuela
54,15073166,IB 71
54,8544350,Love in Country
54,28248428,Home Service
54,28240284,To End All War: Oppenheimer &amp; the Atomic Bomb
54,10151854,Shazam! Fury of the Gods
54,23768070,The Hottest Summer
54,14400246,Bird Box Barcelona
55,21106970,Daughter of the Bride
55,27876411,Mr. Car and the Knights Templar
55,21814814,Bama Rush
55,21987308,Robotica Destructiva
55,27837442,Unknown: Killer Robots
55,17663992,Scream VI
55,28022861,Seasons
55,11274492,The Out-Laws
55,21276064,A Place to Fight For
55,16174868,Left Behind: Rise of the Antichrist
55,21249656,Heaven in Hell
55,16496386,97 Minutes
55,27726927,Wham!
55,27837387,Unknown: The Lost Pyramid
55,11987416,Tom Segura: Sledgehammer
55,20879602,Maybe I Do
55,24577812,My Professor's Guide to Murder
55,12226632,Big George Foreman: The Miraculous Story of the Once and Future Heavyweight Champion of the World
55,19500164,Nimona
55,26424937,Anthem
56,15832148,Afwaah
56,27989067,Lust stories 2
56,27549751,Taylor Mac's 24-Decade History of Popular Music
56,23059678,Gabriel's Redemption: Part One
56,6528290,Knights of the Zodiac
56,13345606,Evil Dead Rise
56,11459818,John Early: Now More Than Ever
56,28213594,Murilo Couto: Leso
56,8010548,Devilreaux
56,27846314,King of Clones
56,14672882,The Tomorrow Job
56,27728519,iNumber Number: Jozi Gold
56,21257152,Make Me Believe
56,21245882,Through My Window: Across the Sea
56,16023442,World's Best
56,27805182,An Unforgettable Year – Spring
56,18413766,Kathal: A Jackfruit Mystery
56,24079774,The Stroll
56,27791865,Amy Schumer: Emergency Contact
56,27861034,85 South: Ghetto Legends
56,14687418,The Tank
56,27542448,Take Care of Maya
57,27506951,Village
57,25363184,Stan Lee
57,22868844,Black Clover: Sword of the Wizard King
57,22444570,Ponniyin Selvan: Part Two
57,14799576,The Secret Kingdom
57,13375076,The Pope's Exorcist
57,9472334,Malum
57,13923456,Mafia Mamma
57,21281688,The Park
57,19121700,You Do You
57,22506746,"Oei, ik groei!"
57,8105234,Flamin' Hot
57,27579804,Um Ano Inesquecível - Verão
57,11075540,Subspecies V: Blood Rise
57,11905536,Gumraah
57,26849851,The Idaho College Murders
57,2316548,Beautiful Disaster
58,9013340,Fool's Paradise
58,27714278,Medellin
58,27703325,Missed Connections
58,23144234,Rich in Love 2
58,21192216,The Legend &amp; Butterfly
58,12261776,65
58,26084136,Being Mary Tyler Moore
58,26753138,Marlon Wayans: God Loves Me
58,11766766,Homestead
58,21735972,The Last Wagon
58,19724192,Mother's Day
58,7354440,Tin &amp; Tina
58,18073328,Blood &amp; Gold
58,11210390,Asterix &amp; Obelix: The Middle Kingdom
58,27729024,100 Years of Warner Bros.
58,14740118,Righteous Thieves
58,24079788,Victim/Suspect
58,26341934,The Swan Princess: A Fairytale Is Born
58,23138674,The Man with My Husband's Face
58,10954600,Ant-Man and the Wasp: Quantumania
58,16442822,"Love to Love You, Donna Summer"
58,19513144,Le Plongeur
59,6436620,White Men Can't Jump
59,27548375,PSY Summer Swag 2022
59,14803538,La Extorsión
59,12579470,Robots
59,22394702,Detective Knight: Independence
59,15339570,Champions
59,27612422,Fanfic
59,25406060,You &amp; Me &amp; Me
59,14295590,Mrs. Chatterjee Vs Norway
59,16951452,Anna Nicole Smith: You Don't Know Me
59,27685740,Maid for Revenge
59,26679073,Marui Video
59,25049966,Love in Glacier National: A National Park Romance
59,11358390,Renfield
59,19853258,Still: A Michael J. Fox Movie
59,2365971,Sweetwater
59,22185848,¡Que viva México!
59,9600274,Colonials
60,14209916,Cocaine Bear
60,27197387,AKA
60,5153956,Last Sentinel
60,14940240,Two Sinners and a Mule
60,26938504,Love in the Maldives
60,20674118,Munch
60,27561913,1000% Me: Growing Up Mixed
60,11773810,Invitation to a Murder
60,15783426,One Day as a Lion
60,26593219,A Picture of Her
60,15440322,Dasara
60,27156877,Lethal Legacy
60,17219484,Clock
60,1609497,Quasi
60,27410896,Suga: Road to D-Day
60,7720142,Assassin Club
60,5635026,Peter Pan &amp; Wendy
61,26745986,Eye Two Times Mouth
61,26673163,Secret Space UFOs: Apollo 1-11
61,27442442,The Light We Carry: Michelle Obama and Oprah Winfrey
61,18074198,Immerstill
61,18353064,Chokehold
61,21216870,One More Time
61,20115096,A Tourist's Guide to Love
61,24223450,Batman: The Doom That Came to Gotham
61,10559102,Supercell
61,23219684,Mighty Morphin Power Rangers: Once &amp; Always
61,27218658,Longest Third Date
61,21308736,In Your Dreams
61,15767808,The Last Kingdom: Seven Kings Must Die
61,22208480,Özür Dilerim
61,27001634,Miley Cyrus – Endless Summer Vacation (Backyard Sessions)
62,27441525,The Pope: Answers
62,22695402,Hunger
62,13174108,Kill Her Goats
62,20567314,Oh Belinda
62,13014820,Kings of Mulberry Street: Let Love Reign
62,14923260,Chupa
62,4225012,A Little White Lie
62,20413650,The Donor Party
62,23147592,Wait with Me
62,22087176,Willem &amp; Frieda
62,15893750,Rye Lane
62,17321230,Prom Pact
62,15255288,Murder Mystery 2
62,16900880,Kill Boksoon
62,12758060,Tetris
62,13929998,On a Wing and a Prayer
62,8760708,M3gan
62,12573454,Sharper
62,12965390,Perfect Addiction
62,22297828,Chor Nikal Ke Bhaga
62,2560092,The Magician's Elephant
63,26763229,In His Shadow
63,21326658,Noise
63,26229554,Bono &amp; The Edge: A Sort of Homecoming with Dave Letterman
63,2560078,Boston Strangler
63,26739529,Money Shot: The Pornhub Story
63,26880702,Finding Michael
63,3155298,Luther: The Fallen Sun
63,26739643,Have a Nice Day!
63,14873054,Transfusion
63,13650494,Chang Can Dunk
63,19246408,The Nightingale of Bursa
63,8593824,The Old Way
63,12447796,Unwelcome
63,18079362,80 for Brady
63,23571908,Chris Rock: Selective Outrage
63,18747542,Faraway
63,23334464,10 Days of a Good Man
63,13358022,The Reading
63,14463514,Love at First Kiss
63,19869024,Sayen
63,26548664,Tonight You're Sleeping with Me
63,16280138,Magic Mike's Last Dance
63,26685153,The Weeknd: Live at SoFi Stadium
63,5884796,Plane
63,21825858,Call Me Chihiro
64,7798604,We Have a Ghost
64,26198528,Die Hart the Movie
64,22054902,Ivalu
64,16437278,The Strays
64,26498712,Supervillains: An Investigation
64,13614388,Little Dixie
64,26440342,Whindersson Nunes: Preaching to the Choir
64,26160190,Unlocked
64,25830860,A Sunday Affair
64,21967864,Imani
64,21986198,Dear David
64,14874302,At Midnight
64,12823454,Your Place or Mine
64,22769820,Legion of Super-Heroes
64,2353868,True Spirit
64,15789492,Infiesto
64,18376122,"Pamela, A Love Story"
64,15486810,Teen Wolf: The Movie
64,14826022,You People
64,22352848,JUNG_E
65,24640474,Disconnect: The Wedding Planner
65,15334430,Dog Gone
65,23739900,The Menu
65,25535478,Episode 1
65,12530246,Emancipation
